City_ID,City,Country,Date,Lat,Lng,Max Temp,Humidity,Cloudiness,Wind Speed,Current Description,Rain (inches),Snow (inches)
0,Dikson,RU,2020-10-04 01:56:04,73.51,80.55,34.63,97,100,24.02,overcast clouds,0.0,0.0
1,Aljezur,PT,2020-10-04 01:56:04,37.32,-8.8,59.76,77,18,6.46,few clouds,0.0,0.0
2,Butaritari,KI,2020-10-04 01:56:05,3.07,172.79,81.37,71,100,8.72,overcast clouds,0.0,0.0
3,Longyearbyen,SJ,2020-10-04 01:56:06,78.22,15.64,36.12,84,88,1.05,overcast clouds,0.0,0.0
4,Rikitea,PF,2020-10-04 01:56:06,-23.12,-134.97,73.58,78,4,17.43,clear sky,0.0,0.0
5,Ushuaia,AR,2020-10-04 01:56:07,-54.8,-68.3,42.8,75,40,4.7,scattered clouds,0.0,0.0
6,Dunedin,NZ,2020-10-04 01:56:08,-45.87,170.5,55.0,71,100,5.99,moderate rain,1.3,1.3
7,Cape Town,ZA,2020-10-04 01:54:01,-33.93,18.42,57.99,87,0,4.7,clear sky,0.0,0.0
8,Sitka,US,2020-10-04 01:56:08,57.05,-135.33,53.6,93,90,3.36,overcast clouds,0.0,0.0
9,Puerto Lopez,CO,2020-10-04 01:56:09,4.08,-72.96,72.86,85,51,2.68,broken clouds,0.0,0.0
10,Touros,BR,2020-10-04 01:53:09,-5.2,-35.46,77.0,83,75,6.93,broken clouds,0.0,0.0
11,Kapaa,US,2020-10-04 01:56:09,22.08,-159.32,87.8,66,1,9.17,clear sky,0.0,0.0
12,East London,ZA,2020-10-04 01:56:10,-33.02,27.91,62.56,85,94,9.84,moderate rain,1.1,1.1
13,Anjozorobe,MG,2020-10-04 01:56:10,-18.4,47.87,64.4,88,75,3.36,broken clouds,0.0,0.0
14,Upernavik,GL,2020-10-04 01:56:10,72.79,-56.15,28.83,92,2,4.38,clear sky,0.0,0.0
15,Ndele,CF,2020-10-04 01:56:11,8.41,20.65,70.03,96,100,4.05,light rain,0.81,0.81
16,Haikou,CN,2020-10-04 01:56:12,20.05,110.34,84.2,83,20,2.24,few clouds,0.0,0.0
17,Lebu,CL,2020-10-04 01:56:13,-37.62,-73.65,44.67,80,0,3.24,clear sky,0.0,0.0
18,Zeya,RU,2020-10-04 01:56:14,53.75,127.27,45.91,65,100,10.09,overcast clouds,0.0,0.0
19,Bahia Honda,CU,2020-10-04 01:56:14,22.9,-83.16,78.21,87,100,8.03,overcast clouds,0.0,0.0
20,Lagoa,PT,2020-10-04 01:56:14,39.05,-27.98,69.6,83,100,14.0,light rain,0.12,0.12
21,Port Elizabeth,ZA,2020-10-04 01:56:15,-33.92,25.57,60.8,93,90,13.87,overcast clouds,0.0,0.0
22,Dabat,ET,2020-10-04 01:56:16,12.98,37.77,51.85,86,6,4.07,clear sky,0.0,0.0
23,Gat,IL,2020-10-04 01:52:02,31.61,34.76,71.01,91,1,2.28,clear sky,0.0,0.0
24,Yellowknife,CA,2020-10-04 01:54:39,62.46,-114.35,50.0,81,75,14.99,broken clouds,0.0,0.0
25,Togur,RU,2020-10-04 01:56:17,58.36,82.83,42.78,90,100,9.84,light rain,0.51,0.51
26,Pocone,BR,2020-10-04 01:56:18,-16.26,-56.62,85.69,29,5,3.0,clear sky,0.0,0.0
27,De-Kastri,RU,2020-10-04 01:56:19,51.47,140.78,48.52,85,100,11.43,light rain,0.28,0.28
28,Saint-Augustin,CA,2020-10-04 01:56:20,51.23,-58.65,44.96,75,80,9.95,broken clouds,0.0,0.0
29,Tuatapere,NZ,2020-10-04 01:56:21,-46.13,167.68,48.0,96,100,5.99,light rain,0.15,0.15
30,Khatanga,RU,2020-10-04 01:56:22,71.97,102.5,24.28,98,100,13.13,overcast clouds,0.0,0.0
31,Hobart,AU,2020-10-04 01:55:41,-42.88,147.33,52.0,93,90,10.29,overcast clouds,0.0,0.0
32,Kavieng,PG,2020-10-04 01:56:23,-2.57,150.8,84.81,72,66,9.95,light rain,0.97,0.97
33,Vaini,TO,2020-10-04 01:56:23,-21.2,-175.2,75.2,94,90,10.29,light rain,0.0,0.0
34,Mayo,US,2020-10-04 01:56:24,38.89,-76.51,55.4,93,1,1.77,clear sky,0.0,0.0
35,Nantucket,US,2020-10-04 01:56:25,41.28,-70.1,62.85,63,0,8.99,clear sky,0.0,0.0
36,Dubai,AE,2020-10-04 01:52:33,25.26,55.3,84.2,74,0,4.7,clear sky,0.0,0.0
37,Castro,BR,2020-10-04 01:56:25,-24.79,-50.01,61.18,83,87,15.19,moderate rain,1.538,1.538
38,Busselton,AU,2020-10-04 01:56:26,-33.65,115.33,61.0,48,4,11.79,clear sky,0.0,0.0
39,Te Anau,NZ,2020-10-04 01:56:26,-45.42,167.72,58.05,78,100,6.87,heavy intensity rain,14.934000000000001,14.934000000000001
40,Norman Wells,CA,2020-10-04 01:56:26,65.28,-126.83,51.8,76,75,3.36,broken clouds,0.0,0.0
41,Qaanaaq,GL,2020-10-04 01:56:27,77.48,-69.36,23.61,91,100,1.07,overcast clouds,0.0,0.0
42,Matay,EG,2020-10-04 01:56:28,28.42,30.78,68.94,71,0,10.6,clear sky,0.0,0.0
43,Prescott Valley,US,2020-10-04 01:56:29,34.59,-112.33,82.4,4,1,3.36,clear sky,0.0,0.0
44,Raudeberg,NO,2020-10-04 01:56:30,61.99,5.14,53.01,74,59,9.01,broken clouds,0.0,0.0
45,Hastings,GB,2020-10-04 01:56:31,50.86,0.57,50.0,97,100,5.01,light rain,0.61,0.61
46,Bay Roberts,CA,2020-10-04 01:56:32,47.6,-53.26,55.99,1,100,10.22,overcast clouds,0.0,0.0
47,Kaitangata,NZ,2020-10-04 01:56:33,-46.28,169.85,53.01,84,100,4.0,heavy intensity rain,6.18,6.18
48,Ponta Do Sol,PT,2020-10-04 01:56:33,32.67,-17.1,69.8,77,40,12.75,drizzle,0.0,0.0
49,Sisimiut,GL,2020-10-04 01:56:34,66.94,-53.67,28.56,89,0,8.57,clear sky,0.0,0.0
50,Jamestown,US,2020-10-04 01:56:35,42.1,-79.24,46.4,75,90,3.36,overcast clouds,0.0,0.0
51,Camacha,PT,2020-10-04 01:56:35,33.08,-16.33,69.8,77,75,11.41,broken clouds,0.0,0.0
52,Kavaratti,IN,2020-10-04 01:56:36,10.57,72.64,80.83,71,80,9.33,broken clouds,0.0,0.0
53,Shingu,JP,2020-10-04 01:56:36,33.73,135.98,77.0,69,75,2.24,broken clouds,0.0,0.0
54,Rosarito,MX,2020-10-04 01:56:37,32.33,-117.03,84.2,25,5,5.82,clear sky,0.0,0.0
55,Ribeira Grande,PT,2020-10-04 01:56:37,38.52,-28.7,69.03,83,81,15.05,broken clouds,0.0,0.0
56,Katsuura,JP,2020-10-04 01:56:38,35.13,140.3,75.99,78,75,3.36,broken clouds,0.0,0.0
57,Sambava,MG,2020-10-04 01:56:38,-14.27,50.17,72.18,85,90,6.35,overcast clouds,0.0,0.0
58,Mataura,NZ,2020-10-04 01:56:39,-46.19,168.86,48.0,96,100,5.99,moderate rain,1.18,1.18
59,Tabanan,ID,2020-10-04 01:56:39,-8.54,115.13,77.0,100,75,11.41,broken clouds,0.0,0.0
60,Worcester,US,2020-10-04 01:56:24,42.33,-71.83,51.01,76,1,9.17,clear sky,0.0,0.0
61,Carnarvon,AU,2020-10-04 01:56:40,-24.87,113.63,66.2,32,0,23.04,clear sky,0.0,0.0
62,Severo-Kurilsk,RU,2020-10-04 01:56:41,50.68,156.12,50.36,64,100,5.46,overcast clouds,0.0,0.0
63,Tuktoyaktuk,CA,2020-10-04 01:56:41,69.45,-133.04,44.6,93,75,8.05,broken clouds,0.0,0.0
64,Lubango,AO,2020-10-04 01:56:42,-14.92,13.49,66.25,48,100,2.64,overcast clouds,0.0,0.0
65,Codrington,AU,2020-10-04 01:56:42,-38.27,141.97,59.41,89,100,14.07,light rain,0.1944,0.1944
66,Puerto Ayora,EC,2020-10-04 01:56:42,-0.74,-90.35,66.99,87,28,3.0,scattered clouds,0.0,0.0
67,Farmington,US,2020-10-04 01:54:49,36.73,-108.22,73.4,10,1,8.05,clear sky,0.0,0.0
68,Hilo,US,2020-10-04 01:54:21,19.73,-155.09,86.0,58,1,12.75,clear sky,0.0,0.0
69,Nikolskoye,RU,2020-10-04 01:56:43,59.7,30.79,54.0,76,45,11.18,scattered clouds,0.0,0.0
70,Petropavlovsk-Kamchatskiy,RU,2020-10-04 01:56:43,53.05,158.65,53.6,54,35,8.95,scattered clouds,0.0,0.0
71,Kyabe,TD,2020-10-04 01:56:44,9.45,18.94,73.06,93,100,3.44,overcast clouds,0.0,0.0
72,Benghazi,LY,2020-10-04 01:56:46,32.12,20.07,83.48,39,0,22.15,clear sky,0.0,0.0
73,Fereydun Kenar,IR,2020-10-04 01:56:46,36.69,52.52,70.32,56,50,2.75,scattered clouds,0.0,0.0
74,Ojinaga,MX,2020-10-04 01:56:47,29.57,-104.42,78.8,21,1,6.93,clear sky,0.0,0.0
75,Atuona,PF,2020-10-04 01:56:47,-9.8,-139.03,78.46,73,0,20.13,clear sky,0.0,0.0
76,Ormara,PK,2020-10-04 01:56:48,25.21,64.64,83.03,46,0,8.05,clear sky,0.0,0.0
77,Bengkulu,ID,2020-10-04 01:56:48,-3.8,102.27,80.53,73,100,7.34,light rain,0.255,0.255
78,Chokurdakh,RU,2020-10-04 01:56:48,70.63,147.92,32.05,93,94,12.86,overcast clouds,0.0,0.0
79,Channel-Port Aux Basques,CA,2020-10-04 01:56:49,47.57,-59.14,50.97,83,1,9.19,clear sky,0.0,0.0
80,Bredasdorp,ZA,2020-10-04 01:56:49,-34.53,20.04,57.2,93,81,6.93,broken clouds,0.0,0.0
81,Avarua,CK,2020-10-04 01:56:50,-21.21,-159.78,80.6,69,42,10.29,scattered clouds,0.0,0.0
82,Novaya Igirma,RU,2020-10-04 01:56:50,57.13,103.91,35.15,79,82,6.49,broken clouds,0.0,0.0
83,Kruisfontein,ZA,2020-10-04 01:56:51,-34.0,24.73,57.99,96,84,1.01,broken clouds,0.0,0.0
84,Punta Arenas,CL,2020-10-04 01:56:51,-53.15,-70.92,46.4,61,75,24.16,broken clouds,0.0,0.0
85,Tamiahua,MX,2020-10-04 01:56:52,21.27,-97.45,74.14,79,5,3.78,clear sky,0.0,0.0
86,Barcelos,PT,2020-10-04 01:56:52,41.54,-8.62,57.2,100,90,12.75,overcast clouds,0.0,0.0
87,Cidreira,BR,2020-10-04 01:56:53,-30.18,-50.21,57.07,91,100,19.89,overcast clouds,0.0,0.0
88,Canberra,AU,2020-10-04 01:55:54,-35.28,149.13,77.0,46,60,17.22,broken clouds,0.0,0.0
89,Shamary,RU,2020-10-04 01:56:53,57.34,58.22,33.31,92,51,4.7,broken clouds,0.0,0.0
90,Marsh Harbour,BS,2020-10-04 01:56:53,26.54,-77.06,82.96,78,100,14.16,overcast clouds,0.0,0.0
91,Tigzirt,DZ,2020-10-04 01:56:54,36.89,4.12,62.49,60,0,6.11,clear sky,0.0,0.0
92,Salamiyah,SY,2020-10-04 01:56:54,35.01,37.05,60.22,88,2,4.23,clear sky,0.0,0.0
93,Poronaysk,RU,2020-10-04 01:56:54,49.22,143.12,58.62,63,0,14.61,light rain,0.2,0.2
94,Yar-Sale,RU,2020-10-04 01:56:55,66.83,70.83,30.07,94,0,15.9,clear sky,0.0,0.0
95,Aquidauana,BR,2020-10-04 01:52:53,-20.47,-55.79,86.54,46,33,9.28,scattered clouds,0.0,0.0
96,Lorengau,PG,2020-10-04 01:56:56,-2.02,147.27,86.16,65,78,10.49,broken clouds,0.0,0.0
97,Chililabombwe,ZM,2020-10-04 01:56:57,-12.36,27.82,61.21,37,0,5.41,clear sky,0.0,0.0
98,Kahului,US,2020-10-04 01:56:57,20.89,-156.47,91.4,49,20,21.92,few clouds,0.0,0.0
99,Albany,US,2020-10-04 01:52:30,42.6,-73.97,48.0,78,0,3.94,clear sky,0.0,0.0
100,Novobirilyussy,RU,2020-10-04 01:56:57,56.95,90.67,40.95,69,100,9.8,overcast clouds,0.0,0.0
101,North Bend,US,2020-10-04 01:56:58,43.41,-124.22,60.01,100,90,14.99,mist,0.0,0.0
102,Hirara,JP,2020-10-04 01:56:58,24.8,125.28,84.2,65,20,10.29,few clouds,0.0,0.0
103,Vao,NC,2020-10-04 01:56:58,-22.67,167.48,70.2,76,42,23.26,scattered clouds,0.0,0.0
104,Mahebourg,MU,2020-10-04 01:56:59,-20.41,57.7,69.8,94,40,2.24,scattered clouds,0.0,0.0
105,Saint-Pierre,RE,2020-10-04 01:56:59,-21.34,55.48,71.6,73,90,9.17,overcast clouds,0.0,0.0
106,Bluff,NZ,2020-10-04 01:56:59,-46.6,168.33,48.0,96,100,5.99,light rain,0.93,0.93
107,Kitob,UZ,2020-10-04 01:57:00,39.08,66.83,56.93,35,66,2.08,broken clouds,0.0,0.0
108,Port Alfred,ZA,2020-10-04 01:57:00,-33.59,26.89,60.31,83,34,10.98,light rain,0.42,0.42
109,Teya,RU,2020-10-04 01:57:00,60.38,92.63,43.88,86,100,9.73,overcast clouds,0.0,0.0
110,Provideniya,RU,2020-10-04 01:57:00,64.38,-173.3,38.44,74,79,11.83,broken clouds,0.0,0.0
111,New Norfolk,AU,2020-10-04 01:57:01,-42.78,147.06,52.0,93,100,1.7,light rain,0.11,0.11
112,Raga,SS,2020-10-04 01:57:01,8.46,25.68,69.49,95,100,3.44,overcast clouds,0.0,0.0
113,Chuy,UY,2020-10-04 01:57:02,-33.7,-53.46,51.58,76,55,10.36,broken clouds,0.0,0.0
114,Talnakh,RU,2020-10-04 01:57:02,69.49,88.4,24.8,85,0,24.61,clear sky,0.0,0.0
115,Nemuro,JP,2020-10-04 01:57:02,43.32,145.57,66.2,72,75,3.36,broken clouds,0.0,0.0
116,Najran,SA,2020-10-04 01:57:03,17.49,44.13,66.2,32,0,2.91,clear sky,0.0,0.0
117,Tahta,EG,2020-10-04 01:57:03,26.77,31.5,77.0,47,0,6.93,clear sky,0.0,0.0
118,Coquimbo,CL,2020-10-04 01:57:04,-29.95,-71.34,51.8,76,100,3.36,overcast clouds,0.0,0.0
119,Kem,RU,2020-10-04 01:57:05,64.96,34.58,42.44,95,12,6.38,few clouds,0.0,0.0
120,Ilulissat,GL,2020-10-04 01:57:07,69.22,-51.1,30.2,86,100,3.36,overcast clouds,0.0,0.0
121,Malatya,TR,2020-10-04 01:57:08,38.5,38.0,64.4,36,0,9.17,clear sky,0.0,0.0
122,Cabo San Lucas,MX,2020-10-04 01:57:08,22.89,-109.91,87.8,62,5,10.29,clear sky,0.0,0.0
123,Nome,US,2020-10-04 01:57:08,64.5,-165.41,48.99,87,90,3.33,light rain,0.0,0.0
124,Paracuru,BR,2020-10-04 01:57:09,-3.41,-39.03,79.0,76,92,15.99,overcast clouds,0.0,0.0
125,Lavrentiya,RU,2020-10-04 01:57:09,65.58,-171.0,38.28,76,96,14.58,overcast clouds,0.0,0.0
126,Bontang,ID,2020-10-04 01:57:10,0.13,117.5,83.01,70,100,9.22,light rain,0.259,0.259
127,Westport,US,2020-10-04 01:52:23,41.14,-73.36,55.4,62,1,4.7,clear sky,0.0,0.0
128,Saint-Joseph,RE,2020-10-04 01:57:12,-21.37,55.62,71.6,73,90,9.17,overcast clouds,0.0,0.0
129,Jiuquan,CN,2020-10-04 01:57:13,39.74,98.52,41.76,50,0,3.83,clear sky,0.0,0.0
130,Faanui,PF,2020-10-04 01:57:13,-16.48,-151.75,78.57,75,31,16.93,scattered clouds,0.0,0.0
131,Hithadhoo,MV,2020-10-04 01:57:14,-0.6,73.08,83.35,74,98,10.09,heavy intensity rain,6.8726,6.8726
132,Koygorodok,RU,2020-10-04 01:57:14,60.45,51.0,30.15,96,0,2.35,clear sky,0.0,0.0
133,Saint-Francois,FR,2020-10-04 01:57:15,46.42,3.91,50.0,81,90,10.29,overcast clouds,0.0,0.0
134,Palmerston,AU,2020-10-04 01:57:15,-12.49,130.98,88.0,52,75,16.11,broken clouds,0.0,0.0
135,Souillac,MU,2020-10-04 01:57:15,-20.52,57.52,69.8,94,40,2.24,scattered clouds,0.0,0.0
136,Kamenka,RU,2020-10-04 01:57:15,51.32,42.77,50.38,63,75,6.82,broken clouds,0.0,0.0
137,Santona,ES,2020-10-04 01:57:16,43.44,-3.46,59.0,67,75,8.05,broken clouds,0.0,0.0
138,Megion,RU,2020-10-04 01:57:16,61.03,76.11,32.0,97,75,8.95,light shower snow,0.0,0.0
139,Shakawe,BW,2020-10-04 01:57:16,-18.37,21.85,73.38,34,38,4.12,scattered clouds,0.0,0.0
140,Saint-Philippe,RE,2020-10-04 01:57:17,-21.36,55.77,71.6,73,90,9.17,overcast clouds,0.0,0.0
141,Hambantota,LK,2020-10-04 01:57:17,6.12,81.12,78.8,94,20,10.29,few clouds,0.0,0.0
142,Beringovskiy,RU,2020-10-04 01:57:18,63.05,179.32,35.38,92,100,14.97,overcast clouds,0.0,0.0
143,Jackson,US,2020-10-04 01:53:35,42.42,-122.83,86.0,20,1,3.36,clear sky,0.0,0.0
144,Sibolga,ID,2020-10-04 01:57:19,1.74,98.78,85.1,60,56,0.92,broken clouds,0.0,0.0
145,Barrow,US,2020-10-04 01:57:20,71.29,-156.79,33.8,96,90,12.75,fog,0.0,0.0
146,Stornoway,GB,2020-10-04 01:57:21,58.21,-6.39,53.01,100,100,18.34,overcast clouds,0.0,0.0
147,Yozgat,TR,2020-10-04 01:57:21,39.58,35.33,51.06,68,0,2.66,clear sky,0.0,0.0
148,Horki,BY,2020-10-04 01:57:22,54.29,30.98,50.45,64,100,13.38,overcast clouds,0.0,0.0
149,Georgetown,MY,2020-10-04 01:53:26,5.41,100.34,82.4,94,20,4.7,light rain,0.64,0.64
150,Aras,ES,2020-10-04 01:57:23,42.56,-2.36,48.99,87,75,2.24,broken clouds,0.0,0.0
151,Chumikan,RU,2020-10-04 01:57:24,54.72,135.31,45.81,73,100,9.53,light rain,0.62,0.62
152,Tianpeng,CN,2020-10-04 01:57:25,30.99,103.94,71.01,1,96,3.8,overcast clouds,0.0,0.0
153,Constitucion,CL,2020-10-04 01:57:26,-35.33,-72.42,44.78,73,3,9.91,clear sky,0.0,0.0
154,Chicama,PE,2020-10-04 01:57:26,-7.84,-79.15,63.01,84,85,5.61,overcast clouds,0.0,0.0
155,Hermanus,ZA,2020-10-04 01:57:27,-34.42,19.23,57.99,87,32,5.01,scattered clouds,0.0,0.0
156,Kargat,RU,2020-10-04 01:57:27,55.2,80.28,44.13,70,100,13.2,overcast clouds,0.0,0.0
157,Merke,KZ,2020-10-04 01:57:28,42.87,73.18,52.79,43,0,4.43,clear sky,0.0,0.0
158,Saskylakh,RU,2020-10-04 01:57:28,71.92,114.08,22.75,96,100,14.61,overcast clouds,0.0,0.0
159,Bjerkvik,NO,2020-10-04 01:57:29,68.56,17.52,39.99,94,0,17.0,clear sky,0.0,0.0
160,Nanortalik,GL,2020-10-04 01:57:30,60.14,-45.24,35.33,86,100,7.54,overcast clouds,0.0,0.0
161,Lazaro Cardenas,MX,2020-10-04 01:57:30,17.96,-102.2,78.78,78,0,2.95,clear sky,0.0,0.0
162,Ati,TD,2020-10-04 01:57:30,13.22,18.34,84.76,52,100,7.36,overcast clouds,0.0,0.0
163,Arraial Do Cabo,BR,2020-10-04 01:57:31,-22.97,-42.03,75.2,94,75,6.93,mist,0.0,0.0
164,Aripuana,BR,2020-10-04 01:57:31,-9.17,-60.63,75.02,85,28,0.6,scattered clouds,0.0,0.0
165,Margate,GB,2020-10-04 01:52:37,51.38,1.39,52.0,92,100,1.01,moderate rain,1.74,1.74
166,Salto De Pirapora,BR,2020-10-04 01:56:09,-23.65,-47.57,75.0,67,58,5.99,broken clouds,0.0,0.0
167,Havoysund,NO,2020-10-04 01:57:32,71.0,24.66,46.4,81,0,11.41,clear sky,0.0,0.0
168,Sivaki,RU,2020-10-04 01:57:32,52.63,126.75,41.4,88,100,12.77,overcast clouds,0.0,0.0
169,Geraldton,AU,2020-10-04 01:55:22,-28.77,114.6,64.4,42,40,14.99,scattered clouds,0.0,0.0
170,Half Moon Bay,US,2020-10-04 01:57:33,37.46,-122.43,82.4,93,90,6.93,fog,0.0,0.0
171,Poroshkovo,UA,2020-10-04 01:57:33,48.67,22.75,53.01,77,26,8.99,scattered clouds,0.0,0.0
172,Shirokiy,RU,2020-10-04 01:57:36,49.76,129.52,46.65,92,100,7.92,light rain,0.133,0.133
173,Clyde River,CA,2020-10-04 01:57:36,70.47,-68.59,26.6,73,90,4.7,overcast clouds,0.0,0.0
174,Ust-Nera,RU,2020-10-04 01:57:37,64.57,143.2,31.77,72,0,7.25,clear sky,0.0,0.0
175,Umm Lajj,SA,2020-10-04 01:57:37,25.02,37.27,80.85,58,0,3.65,clear sky,0.0,0.0
176,Isa Khel,AF,2020-10-04 01:57:38,36.67,68.84,56.62,37,0,2.01,clear sky,0.0,0.0
177,College,US,2020-10-04 01:57:39,64.86,-147.8,57.2,50,75,10.29,broken clouds,0.0,0.0
178,Fairbanks,US,2020-10-04 01:53:24,64.84,-147.72,57.2,44,1,16.11,clear sky,0.0,0.0
179,Vallenar,CL,2020-10-04 01:57:40,-28.57,-70.76,55.83,40,100,0.31,overcast clouds,0.0,0.0
180,Mar Del Plata,AR,2020-10-04 01:57:41,-38.0,-57.56,44.6,71,75,9.17,broken clouds,0.0,0.0
181,Pisco,PE,2020-10-04 01:57:41,-13.7,-76.22,64.0,82,36,12.75,scattered clouds,0.0,0.0
182,Tasiilaq,GL,2020-10-04 01:57:41,65.61,-37.64,33.8,74,74,13.87,broken clouds,0.0,0.0
183,Acari,PE,2020-10-04 01:57:42,-15.43,-74.62,63.54,69,85,4.99,overcast clouds,0.0,0.0
184,Prince Rupert,CA,2020-10-04 01:57:43,54.32,-130.32,53.6,100,90,2.24,overcast clouds,0.0,0.0
185,Hermiston,US,2020-10-04 01:52:54,45.84,-119.29,78.8,41,1,3.36,clear sky,0.0,0.0
186,Quimper,FR,2020-10-04 01:57:44,48.0,-4.1,48.2,93,100,4.7,overcast clouds,0.0,0.0
187,Huatulco,MX,2020-10-04 01:57:45,15.84,-96.33,81.0,82,89,1.9,moderate rain,1.3,1.3
188,Cayenne,GF,2020-10-04 01:57:45,4.93,-52.33,77.0,100,90,8.39,overcast clouds,0.0,0.0
189,Yurimaguas,PE,2020-10-04 01:57:46,-5.9,-76.08,70.92,97,100,1.39,overcast clouds,0.0,0.0
190,Road Town,VG,2020-10-04 01:54:48,18.42,-64.62,80.01,86,100,8.99,light rain,0.49,0.49
191,Kampong Chhnang,KH,2020-10-04 01:57:47,12.17,104.55,83.48,77,99,4.41,overcast clouds,0.0,0.0
192,Comodoro Rivadavia,AR,2020-10-04 01:56:49,-45.87,-67.5,50.0,43,0,5.82,clear sky,0.0,0.0
193,Roebourne,AU,2020-10-04 01:57:48,-20.78,117.13,72.23,21,3,25.1,clear sky,0.0,0.0
194,Kodiak,US,2020-10-04 01:57:48,57.79,-152.41,51.8,62,40,5.82,scattered clouds,0.0,0.0
195,Thompson,CA,2020-10-04 01:57:49,55.74,-97.86,39.2,80,75,3.36,broken clouds,0.0,0.0
196,Haines Junction,CA,2020-10-04 01:57:49,60.75,-137.51,42.12,74,7,6.62,clear sky,0.0,0.0
197,Bijie,CN,2020-10-04 01:57:49,27.31,105.29,57.27,93,100,5.48,overcast clouds,0.0,0.0
198,Leh,IN,2020-10-04 01:57:50,34.17,77.58,41.95,52,0,3.2,clear sky,0.0,0.0
199,Lompoc,US,2020-10-04 01:53:52,34.64,-120.46,73.4,49,1,3.36,clear sky,0.0,0.0
200,Yerbogachen,RU,2020-10-04 01:57:52,61.28,108.01,34.93,88,96,8.19,overcast clouds,0.0,0.0
201,Rexburg,US,2020-10-04 01:52:59,43.83,-111.79,68.0,28,1,4.7,haze,0.0,0.0
202,Cherskiy,RU,2020-10-04 01:57:54,68.75,161.3,34.48,80,12,10.33,few clouds,0.0,0.0
203,Kamaishi,JP,2020-10-04 01:57:56,39.27,141.88,64.4,88,75,3.36,mist,0.0,0.0
204,Qaqortoq,GL,2020-10-04 01:57:56,60.72,-46.03,33.8,59,99,4.7,overcast clouds,0.0,0.0
205,Bandarbeyla,SO,2020-10-04 01:57:57,9.49,50.81,78.91,79,57,13.51,broken clouds,0.0,0.0
206,Lima,PE,2020-10-04 01:57:53,-12.04,-77.03,60.8,87,90,10.29,overcast clouds,0.0,0.0
207,Bambous Virieux,MU,2020-10-04 01:57:59,-20.34,57.76,70.0,94,40,2.24,scattered clouds,0.0,0.0
208,Vestmanna,FO,2020-10-04 01:58:00,62.16,-7.17,51.8,100,100,13.87,light rain,0.0,0.0
209,Walvis Bay,NA,2020-10-04 01:58:00,-22.96,14.51,54.0,87,59,3.36,broken clouds,0.0,0.0
210,Ninotsminda,GE,2020-10-04 01:58:00,41.26,43.59,53.6,54,99,9.17,overcast clouds,0.0,0.0
211,Vila Franca Do Campo,PT,2020-10-04 01:58:02,37.72,-25.43,68.0,88,75,8.05,broken clouds,0.0,0.0
212,Nuuk,GL,2020-10-04 01:58:02,64.18,-51.72,30.2,86,69,5.82,broken clouds,0.0,0.0
213,Whitehorse,CA,2020-10-04 01:58:03,60.72,-135.05,51.8,50,75,19.46,broken clouds,0.0,0.0
214,Mandalgovi,MN,2020-10-04 01:58:03,45.76,106.27,30.78,69,0,9.69,clear sky,0.0,0.0
215,Shenjiamen,CN,2020-10-04 01:58:04,29.96,122.3,72.57,93,100,6.35,light rain,0.2902,0.2902
216,Nouadhibou,MR,2020-10-04 01:58:04,20.93,-17.03,71.6,83,0,25.28,clear sky,0.0,0.0
217,Nortelandia,BR,2020-10-04 01:58:04,-14.45,-56.8,85.5,28,34,2.08,scattered clouds,0.0,0.0
218,Tiksi,RU,2020-10-04 01:58:05,71.69,128.87,25.16,95,100,20.8,overcast clouds,0.0,0.0
219,Atar,MR,2020-10-04 01:58:05,20.52,-13.05,83.41,27,0,6.78,clear sky,0.0,0.0
220,Inverness,GB,2020-10-04 01:58:05,57.48,-4.22,55.0,93,100,14.25,moderate rain,2.59,2.59
221,Ahipara,NZ,2020-10-04 01:58:05,-35.17,173.17,64.33,52,0,4.21,clear sky,0.0,0.0
222,Ler,SS,2020-10-04 01:58:06,8.3,30.14,71.6,90,99,0.94,overcast clouds,0.0,0.0
223,Ostrovnoy,RU,2020-10-04 01:58:06,68.05,39.51,40.62,82,74,17.56,broken clouds,0.0,0.0
224,Sarahan,IN,2020-10-04 01:58:07,31.52,77.8,57.74,36,0,4.21,clear sky,0.0,0.0
225,Tari,NG,2020-10-04 01:58:08,12.41,4.49,75.97,69,91,4.29,overcast clouds,0.0,0.0
226,Takoradi,GH,2020-10-04 01:56:34,4.88,-1.76,75.49,90,5,5.99,clear sky,0.0,0.0
227,Sibundoy,CO,2020-10-04 01:58:08,1.2,-76.92,56.05,88,99,1.77,light rain,0.33,0.33
228,Fukue,JP,2020-10-04 01:58:09,32.69,128.84,73.4,73,75,3.36,broken clouds,0.0,0.0
229,Kattivakkam,IN,2020-10-04 01:58:10,13.22,80.32,82.4,69,75,11.41,haze,4.86,4.86
230,Pietersburg,ZA,2020-10-04 01:58:12,-23.9,29.47,60.8,87,26,1.12,scattered clouds,0.0,0.0
231,Vardo,NO,2020-10-04 01:58:12,70.37,31.11,47.26,81,49,24.61,scattered clouds,0.0,0.0
232,Montegranaro,IT,2020-10-04 01:58:12,43.24,13.63,61.0,65,0,8.99,clear sky,0.0,0.0
233,Saint George,US,2020-10-04 01:58:13,37.1,-113.58,91.4,6,1,2.37,clear sky,0.0,0.0
234,Caramay,PH,2020-10-04 01:58:14,10.18,119.24,85.8,71,97,2.48,light rain,0.2284,0.2284
235,Airai,TL,2020-10-04 01:58:14,-8.93,125.41,77.99,37,88,4.72,overcast clouds,0.0,0.0
236,Tukrah,LY,2020-10-04 01:58:15,32.53,20.58,86.2,32,0,25.01,clear sky,0.0,0.0
237,Carman,CA,2020-10-04 01:58:15,49.5,-98.0,39.99,55,1,0.63,clear sky,0.0,0.0
238,Mitu,CO,2020-10-04 01:58:15,1.2,-70.17,72.77,94,30,1.36,scattered clouds,0.0,0.0
239,Malindi,KE,2020-10-04 01:58:17,-3.22,40.12,76.87,80,80,9.86,broken clouds,0.0,0.0
240,Flinders,AU,2020-10-04 01:58:17,-34.58,150.86,80.01,59,23,3.0,few clouds,0.0,0.0
241,Leningradskiy,RU,2020-10-04 01:58:18,69.38,178.42,31.1,96,100,14.74,overcast clouds,0.0,0.0
242,Srednekolymsk,RU,2020-10-04 01:58:18,67.45,153.68,36.54,71,61,10.13,broken clouds,0.0,0.0
243,Gap,FR,2020-10-04 01:58:19,44.67,6.0,46.0,89,85,3.04,overcast clouds,0.0,0.0
244,Vestmannaeyjar,IS,2020-10-04 01:58:20,63.44,-20.27,44.58,84,97,9.98,overcast clouds,0.0,0.0
245,Paso De Carrasco,UY,2020-10-04 01:58:20,-34.86,-56.05,48.2,70,75,16.11,broken clouds,0.0,0.0
246,Okhotsk,RU,2020-10-04 01:58:20,59.38,143.3,50.29,55,55,2.91,broken clouds,0.0,0.0
247,Marzuq,YE,2020-10-04 01:58:21,14.4,46.47,69.1,33,17,1.83,few clouds,0.0,0.0
248,Eyl,SO,2020-10-04 01:58:21,7.98,49.82,78.19,81,42,12.06,scattered clouds,0.0,0.0
249,Hervey Bay,AU,2020-10-04 01:58:22,-25.3,152.85,79.0,47,6,17.22,clear sky,0.0,0.0
250,Inyonga,TZ,2020-10-04 01:58:22,-6.72,32.07,66.76,50,20,5.77,few clouds,0.0,0.0
251,Odessa,UA,2020-10-04 01:58:22,46.48,30.73,66.2,88,20,8.95,few clouds,0.0,0.0
252,Makakilo City,US,2020-10-04 01:58:23,21.35,-158.09,87.8,62,1,11.41,clear sky,0.0,0.0
253,Luangwa,ZM,2020-10-04 01:58:23,-15.62,30.42,74.37,43,0,2.93,clear sky,0.0,0.0
254,Banjar,ID,2020-10-04 01:58:24,-8.19,114.97,77.0,100,75,11.41,broken clouds,0.0,0.0
255,Aktash,RU,2020-10-04 01:58:25,50.3,87.73,29.88,83,0,3.04,clear sky,0.0,0.0
256,Bassila,BJ,2020-10-04 01:58:25,9.01,1.67,70.75,97,99,3.24,overcast clouds,0.0,0.0
257,Oga,IT,2020-10-04 01:58:25,46.46,10.35,43.0,73,75,3.36,broken clouds,0.0,0.0
258,Scarborough,GB,2020-10-04 01:58:02,54.28,-0.4,53.01,96,100,1.99,light rain,0.29,0.29
259,Dudinka,RU,2020-10-04 01:58:29,69.41,86.18,24.8,85,100,24.61,overcast clouds,0.0,0.0
260,Sovetskaya Gavan,RU,2020-10-04 01:58:29,48.97,140.29,57.36,56,92,9.06,overcast clouds,0.0,0.0
261,Hualmay,PE,2020-10-04 01:58:30,-11.1,-77.61,61.29,88,74,11.25,broken clouds,0.0,0.0
262,Langfang,CN,2020-10-04 01:58:30,39.51,116.69,61.0,23,0,16.33,clear sky,0.0,0.0
263,Saldanha,ZA,2020-10-04 01:58:31,-33.01,17.94,58.03,83,0,4.45,clear sky,0.0,0.0
264,Zyryanskoye,RU,2020-10-04 01:58:31,56.83,86.63,44.17,73,100,15.5,overcast clouds,0.0,0.0
265,Pahrump,US,2020-10-04 01:58:32,36.21,-115.98,91.4,2,1,3.36,clear sky,0.0,0.0
266,Miracema Do Tocantins,BR,2020-10-04 01:58:32,-9.56,-48.4,80.74,24,9,1.39,clear sky,0.0,0.0
267,Namtsy,RU,2020-10-04 01:58:33,62.72,129.67,37.4,51,0,4.47,clear sky,0.0,0.0
268,Eureka,US,2020-10-04 01:53:38,40.8,-124.16,57.99,93,1,3.42,clear sky,0.0,0.0
269,Yaroslavl,RU,2020-10-04 01:58:34,57.63,39.87,37.4,100,97,4.47,overcast clouds,0.0,0.0
270,Berberati,CF,2020-10-04 01:58:35,4.26,15.79,68.72,96,14,0.83,few clouds,0.0,0.0
271,Sao Filipe,CV,2020-10-04 01:58:35,14.9,-24.5,78.73,78,16,6.71,few clouds,0.0,0.0
272,Urucara,BR,2020-10-04 01:58:35,-2.54,-57.76,81.48,63,82,1.81,broken clouds,0.0,0.0
273,Cabra,ES,2020-10-04 01:58:36,37.47,-4.44,51.01,81,0,2.28,clear sky,0.0,0.0
274,Narsaq,GL,2020-10-04 01:58:36,60.92,-46.05,33.8,59,99,4.7,overcast clouds,0.0,0.0
275,Hokitika,NZ,2020-10-04 01:58:37,-42.72,170.97,57.97,84,49,8.52,scattered clouds,0.0,0.0
276,Kailua,US,2020-10-04 01:57:26,21.4,-157.74,84.2,62,40,11.41,scattered clouds,0.0,0.0
277,Torbay,CA,2020-10-04 01:53:45,47.67,-52.73,57.0,93,90,18.34,overcast clouds,0.0,0.0
278,Hamilton,US,2020-10-04 01:55:31,39.18,-84.53,57.0,81,75,3.15,broken clouds,0.0,0.0
279,Feira De Santana,BR,2020-10-04 01:58:38,-12.27,-38.97,68.99,89,26,5.61,scattered clouds,0.0,0.0
280,Carsamba,TR,2020-10-04 01:58:38,41.2,36.72,57.2,93,20,3.36,few clouds,0.0,0.0
281,Metro,ID,2020-10-04 01:58:39,-5.11,105.31,84.38,71,100,8.14,overcast clouds,0.0,0.0
282,Egvekinot,RU,2020-10-04 01:58:39,66.32,-179.17,31.71,89,90,8.19,overcast clouds,0.0,0.0
283,Kayan,MM,2020-10-04 01:58:40,16.91,96.56,78.8,94,75,4.7,broken clouds,0.0,0.0
284,Sargatskoye,RU,2020-10-04 01:58:40,55.61,73.5,37.15,79,100,14.03,overcast clouds,0.0,0.0
285,Beloha,MG,2020-10-04 01:58:42,-25.17,45.05,63.93,79,69,11.59,broken clouds,0.0,0.0
286,Bonavista,CA,2020-10-04 01:58:42,48.65,-53.11,55.99,86,100,13.0,overcast clouds,0.0,0.0
287,Aleksandrov Gay,RU,2020-10-04 01:58:43,50.15,48.57,52.7,65,38,7.16,scattered clouds,0.0,0.0
288,Coihaique,CL,2020-10-04 01:58:43,-45.58,-72.07,41.0,56,33,2.24,scattered clouds,0.0,0.0
289,Pevek,RU,2020-10-04 01:58:44,69.7,170.31,33.96,89,100,8.32,overcast clouds,0.0,0.0
290,Sangmelima,CM,2020-10-04 01:58:44,2.93,11.98,67.26,100,29,2.59,scattered clouds,0.0,0.0
291,Kukes,AL,2020-10-04 01:58:46,42.08,20.42,69.71,48,97,8.23,overcast clouds,0.0,0.0
292,Pochutla,MX,2020-10-04 01:58:46,15.74,-96.47,81.0,82,92,1.95,moderate rain,2.41,2.41
293,Victoria,HK,2020-10-04 01:58:46,22.29,114.16,84.0,70,34,8.01,scattered clouds,0.0,0.0
294,Srandakan,ID,2020-10-04 01:58:47,-7.94,110.25,82.04,71,99,13.98,overcast clouds,0.0,0.0
295,Staryy Nadym,RU,2020-10-04 01:58:47,65.61,72.68,31.95,96,84,21.05,broken clouds,0.0,0.0
296,Pedreiras,BR,2020-10-04 01:58:48,-4.57,-44.6,80.92,63,16,8.52,few clouds,0.0,0.0
297,Bariri,BR,2020-10-04 01:58:48,-22.07,-48.74,71.01,73,81,11.99,broken clouds,0.0,0.0
298,Maltahohe,NA,2020-10-04 01:58:49,-24.83,16.98,47.61,42,0,3.09,clear sky,0.0,0.0
299,Omboue,GA,2020-10-04 01:58:49,-1.57,9.26,76.73,89,100,7.65,light rain,0.12,0.12
300,Aden,YE,2020-10-04 01:54:58,12.78,45.04,83.95,58,0,3.98,clear sky,0.0,0.0
301,Aguie,NE,2020-10-04 01:58:51,13.51,7.78,79.88,59,97,2.21,overcast clouds,0.0,0.0
302,Colomi,BO,2020-10-04 01:58:51,-17.35,-65.87,69.8,35,75,8.05,broken clouds,0.0,0.0
303,Oberndorf,DE,2020-10-04 01:58:52,48.29,8.57,50.0,89,100,16.67,overcast clouds,0.0,0.0
304,Tandil,AR,2020-10-04 01:56:14,-37.32,-59.13,31.93,97,0,8.21,clear sky,0.0,0.0
305,Anadyr,RU,2020-10-04 01:58:53,64.75,177.48,33.8,86,75,11.18,broken clouds,0.0,0.0
306,Ylojarvi,FI,2020-10-04 01:58:53,61.56,23.6,54.0,81,20,11.41,few clouds,0.0,0.0
307,Komsomolskiy,UZ,2020-10-04 01:58:54,40.43,71.72,51.8,50,94,9.17,overcast clouds,0.0,0.0
308,Leogane,HT,2020-10-04 01:58:54,18.51,-72.63,80.6,74,100,25.28,overcast clouds,0.0,0.0
309,George Town,MY,2020-10-04 01:58:55,5.41,100.34,82.4,94,20,4.7,light rain,0.14,0.14
310,Muros,ES,2020-10-04 01:58:55,42.78,-9.06,59.0,87,68,1.99,broken clouds,0.0,0.0
311,Okato,NZ,2020-10-04 01:58:56,-39.2,173.88,64.0,70,52,8.01,broken clouds,0.0,0.0
312,Gayeri,BF,2020-10-04 01:58:56,12.65,0.49,77.45,80,100,4.7,overcast clouds,0.0,0.0
313,Isla Mujeres,MX,2020-10-04 01:58:57,21.23,-86.73,78.8,88,90,20.8,haze,0.0,0.0
314,Kaeo,NZ,2020-10-04 01:58:57,-35.1,173.78,64.72,48,0,5.66,clear sky,0.0,0.0
315,Porto Walter,BR,2020-10-04 01:58:54,-8.27,-72.74,73.13,86,68,2.37,broken clouds,0.0,0.0
316,Bethel,US,2020-10-04 01:58:58,41.37,-73.41,48.0,87,1,4.18,clear sky,0.0,0.0
317,San Carlos,VE,2020-10-04 01:58:58,9.66,-68.58,74.08,92,80,2.44,broken clouds,0.0,0.0
318,Mrakovo,RU,2020-10-04 01:58:59,52.72,56.62,44.4,93,44,4.65,scattered clouds,0.0,0.0
319,Kisiwani,TZ,2020-10-04 01:59:00,-4.13,37.95,67.51,81,18,0.74,few clouds,0.0,0.0
320,Sao Miguel Do Araguaia,BR,2020-10-04 01:59:00,-13.28,-50.16,85.41,21,0,2.46,clear sky,0.0,0.0
321,Zhangye,CN,2020-10-04 01:59:01,38.93,100.45,49.48,41,0,3.65,clear sky,0.0,0.0
322,Winnemucca,US,2020-10-04 01:55:23,40.97,-117.74,82.4,7,1,4.7,clear sky,0.0,0.0
323,Launceston,AU,2020-10-04 01:58:05,-41.45,147.17,62.01,82,90,0.31,light rain,0.12,0.12
324,Carbondale,US,2020-10-04 01:55:31,37.73,-89.22,55.4,87,90,4.7,overcast clouds,0.0,0.0
325,Guerrero Negro,MX,2020-10-04 01:54:45,27.98,-114.06,78.33,52,0,13.33,clear sky,0.0,0.0
326,Villingen-Schwenningen,DE,2020-10-04 01:59:03,48.07,8.45,46.99,94,99,4.0,overcast clouds,0.0,0.0
327,Huarmey,PE,2020-10-04 01:59:03,-10.07,-78.15,62.28,87,62,8.97,broken clouds,0.0,0.0
328,Knysna,ZA,2020-10-04 01:59:03,-34.04,23.05,51.8,100,0,4.7,mist,0.0,0.0
329,Saint Stephen,GB,2020-10-04 01:59:04,50.33,-4.9,51.8,76,73,23.04,broken clouds,0.0,0.0
330,Bilecik,TR,2020-10-04 01:59:05,40.0,30.17,48.2,81,48,1.12,scattered clouds,0.0,0.0
331,Qufu,CN,2020-10-04 01:59:05,35.6,116.99,58.64,33,100,17.16,overcast clouds,0.0,0.0
332,Mecca,SA,2020-10-04 01:54:20,21.43,39.83,77.61,61,0,1.86,clear sky,0.0,0.0
333,Carballo,ES,2020-10-04 01:59:06,43.21,-8.69,57.2,87,40,10.29,scattered clouds,0.0,0.0
334,Dodola,ET,2020-10-04 01:59:07,6.98,39.18,50.11,89,65,2.19,broken clouds,0.0,0.0
335,Todos Santos,MX,2020-10-04 01:59:08,23.45,-110.22,82.0,77,0,1.01,clear sky,0.0,0.0
336,Tabou,CI,2020-10-04 01:59:08,4.42,-7.35,76.51,88,19,9.04,few clouds,0.0,0.0
337,Nyurba,RU,2020-10-04 01:59:09,63.28,118.33,34.25,89,100,10.56,overcast clouds,0.0,0.0
338,Barybino,RU,2020-10-04 01:59:09,55.27,37.89,44.6,93,75,4.47,broken clouds,0.0,0.0
339,Mount Gambier,AU,2020-10-04 01:59:09,-37.83,140.77,57.2,93,90,19.46,overcast clouds,0.0,0.0
340,Morro Bay,US,2020-10-04 01:59:02,35.37,-120.85,91.99,82,1,4.7,haze,0.0,0.0
341,Tromso,NO,2020-10-04 01:58:38,69.65,18.96,32.0,75,0,16.11,clear sky,0.0,0.0
342,Khani,GE,2020-10-04 01:59:10,41.96,42.96,57.2,100,40,5.82,scattered clouds,0.0,0.0
343,Glendive,US,2020-10-04 01:59:10,47.11,-104.71,53.01,53,1,6.93,clear sky,0.0,0.0
344,Esperance,AU,2020-10-04 01:59:11,-33.87,121.9,51.8,100,75,8.05,broken clouds,0.0,0.0
345,Hobyo,SO,2020-10-04 01:59:11,5.35,48.53,77.56,82,100,13.82,light rain,0.51,0.51
346,Aswan,EG,2020-10-04 01:59:12,24.09,32.91,80.76,22,0,11.97,clear sky,0.0,0.0
347,Thinadhoo,MV,2020-10-04 01:59:13,0.53,72.93,83.19,69,100,4.7,moderate rain,1.0728,1.0728
348,Sola,VU,2020-10-04 01:59:13,-13.88,167.55,79.16,79,3,18.5,clear sky,0.0,0.0
349,Aklavik,CA,2020-10-04 01:59:14,68.22,-135.01,53.6,66,75,3.36,broken clouds,0.0,0.0
350,Naze,JP,2020-10-04 01:59:14,28.37,129.48,84.2,66,20,9.17,few clouds,0.0,0.0
351,Hargeysa,SO,2020-10-04 01:59:15,9.56,44.06,65.55,50,22,6.82,few clouds,0.0,0.0
352,Peterhead,GB,2020-10-04 01:59:15,57.51,-1.8,55.4,93,100,17.22,moderate rain,2.27,2.27
353,Muroto,JP,2020-10-04 01:59:16,33.28,134.15,77.0,73,75,2.24,broken clouds,0.0,0.0
354,Chapais,CA,2020-10-04 01:59:16,49.78,-74.85,33.8,80,20,3.36,few clouds,0.0,0.0
355,Pasni,PK,2020-10-04 01:59:17,25.26,63.47,82.94,35,0,11.68,clear sky,0.0,0.0
356,Garmsar,IR,2020-10-04 01:59:18,35.22,52.34,66.38,32,34,5.95,scattered clouds,0.0,0.0
357,Banda Aceh,ID,2020-10-04 01:57:58,5.56,95.32,82.78,67,89,5.93,overcast clouds,0.0,0.0
358,Namibe,AO,2020-10-04 01:59:19,-15.2,12.15,67.93,68,93,8.86,overcast clouds,0.0,0.0
359,San Rafael,AR,2020-10-04 01:59:20,-34.62,-68.33,44.73,72,100,12.84,light rain,0.68,0.68
360,Lasa,IT,2020-10-04 01:59:20,46.62,10.7,50.0,100,90,8.05,overcast clouds,0.0,0.0
361,Salinopolis,BR,2020-10-04 01:59:21,-0.61,-47.36,80.11,79,95,11.7,overcast clouds,0.0,0.0
362,Kelowna,CA,2020-10-04 01:59:21,49.88,-119.49,69.8,56,1,2.15,clear sky,0.0,0.0
363,Berezovyy,RU,2020-10-04 01:59:21,51.67,135.7,43.07,89,100,4.38,light rain,0.12340000000000001,0.12340000000000001
364,Tagusao,PH,2020-10-04 01:59:22,9.19,117.81,85.28,70,98,11.07,light rain,0.17,0.17
365,Sao Joao Da Barra,BR,2020-10-04 01:59:23,-21.64,-41.05,75.87,84,99,12.88,overcast clouds,0.0,0.0
366,Moron,AR,2020-10-04 01:59:23,-34.65,-58.62,51.01,72,82,5.01,broken clouds,0.0,0.0
367,Kuytun,RU,2020-10-04 01:59:24,54.34,101.5,34.84,76,73,4.59,broken clouds,0.0,0.0
368,Port Blair,IN,2020-10-04 01:59:24,11.67,92.75,81.84,80,100,9.64,overcast clouds,0.0,0.0
369,Mutoko,ZW,2020-10-04 01:59:25,-17.4,32.23,60.58,59,16,2.84,few clouds,0.0,0.0
370,Waipawa,NZ,2020-10-04 01:59:25,-41.41,175.52,64.99,63,2,26.4,clear sky,0.0,0.0
371,Ketchikan,US,2020-10-04 01:59:25,55.34,-131.65,57.2,82,40,5.82,scattered clouds,0.0,0.0
372,Labuhan,ID,2020-10-04 01:59:26,-6.88,112.21,85.39,61,100,5.88,overcast clouds,0.0,0.0
373,Yulara,AU,2020-10-04 01:59:26,-25.24,130.99,68.0,88,90,6.93,overcast clouds,0.0,0.0
374,Galle,LK,2020-10-04 01:59:27,6.04,80.22,79.95,83,87,13.6,light rain,0.69,0.69
375,Rizhao,CN,2020-10-04 01:59:27,35.43,119.46,60.58,45,100,23.29,overcast clouds,0.0,0.0
376,Barra Da Estiva,BR,2020-10-04 01:59:28,-13.63,-41.33,65.55,52,0,5.28,clear sky,0.0,0.0
377,Bertoua,CM,2020-10-04 01:59:28,4.58,13.68,67.01,97,31,1.59,moderate rain,1.96,1.96
378,Ponta Delgada,PT,2020-10-04 01:59:28,37.73,-25.67,68.0,88,75,8.05,broken clouds,0.0,0.0
379,Boda,CF,2020-10-04 01:59:28,4.32,17.47,69.58,91,23,1.81,few clouds,0.0,0.0
380,Fortuna,US,2020-10-04 01:58:47,40.6,-124.16,59.0,100,90,8.05,overcast clouds,0.0,0.0
381,Port-Gentil,GA,2020-10-04 01:59:29,-0.72,8.78,77.9,87,100,11.9,light rain,0.19,0.19
382,Portland,US,2020-10-04 01:56:20,45.52,-122.68,73.0,73,0,3.02,clear sky,0.0,0.0
383,Alekseyevsk,RU,2020-10-04 01:59:29,57.84,108.35,35.85,75,71,6.78,broken clouds,0.0,0.0
384,Goure,NE,2020-10-04 01:59:30,13.98,10.27,80.01,56,22,4.0,few clouds,0.0,0.0
385,Maragogi,BR,2020-10-04 01:59:30,-9.01,-35.22,74.61,83,86,7.67,overcast clouds,0.0,0.0
386,Emerald,AU,2020-10-04 01:59:30,-23.53,148.17,77.0,53,90,12.75,overcast clouds,0.0,0.0
387,Praia Da Vitoria,PT,2020-10-04 01:59:31,38.73,-27.07,70.0,94,75,13.0,light intensity drizzle rain,0.0,0.0
388,Bismarck,US,2020-10-04 01:57:00,46.81,-100.78,53.6,50,75,3.36,broken clouds,0.0,0.0
389,Starosubkhangulovo,RU,2020-10-04 01:59:31,53.1,57.44,46.62,85,74,3.78,broken clouds,0.0,0.0
390,Santa,PH,2020-10-04 01:59:32,17.49,120.43,84.99,63,0,0.83,clear sky,0.0,0.0
391,Grevena,GR,2020-10-04 01:59:33,40.08,21.43,66.99,100,98,3.36,overcast clouds,0.0,0.0
392,Brandon,US,2020-10-04 01:59:33,27.94,-82.29,73.99,94,1,4.7,clear sky,0.0,0.0
393,San Cristobal,VE,2020-10-04 01:59:33,7.77,-72.22,65.79,92,88,2.62,light rain,0.22,0.22
394,Champerico,GT,2020-10-04 01:59:34,14.3,-91.92,69.01,97,100,11.01,light rain,0.53,0.53
395,Hasaki,JP,2020-10-04 01:59:34,35.73,140.83,71.6,78,75,1.12,broken clouds,0.0,0.0
396,High Level,CA,2020-10-04 01:58:35,58.52,-117.14,59.0,62,75,2.24,broken clouds,0.0,0.0
397,Port-Cartier,CA,2020-10-04 01:59:36,50.03,-66.87,46.0,52,75,4.7,broken clouds,0.0,0.0
398,Puerto Del Rosario,ES,2020-10-04 01:59:36,28.5,-13.86,71.6,83,90,12.75,overcast clouds,0.0,0.0
399,Banovici,BA,2020-10-04 01:59:37,44.41,18.52,82.4,45,100,13.87,overcast clouds,0.0,0.0
400,Merauke,ID,2020-10-04 01:55:05,-8.47,140.33,84.58,72,63,12.37,light rain,0.79,0.79
401,Santa Rosa,PH,2020-10-04 01:58:47,14.31,121.11,90.0,70,75,4.7,broken clouds,0.0,0.0
402,Nelson Bay,AU,2020-10-04 01:59:39,-32.72,152.15,84.0,37,0,8.05,clear sky,0.0,0.0
403,Mayskiy,RU,2020-10-04 01:59:40,47.69,40.1,55.4,37,20,11.18,few clouds,0.0,0.0
404,Neryungri,RU,2020-10-04 01:59:40,56.67,124.65,31.39,91,96,12.19,overcast clouds,0.0,0.0
405,Gravdal,NO,2020-10-04 01:59:40,68.12,13.5,50.56,75,0,12.33,clear sky,0.0,0.0
406,Asau,RO,2020-10-04 01:59:41,46.43,26.4,50.0,96,51,3.58,broken clouds,0.0,0.0
407,Baruun-Urt,MN,2020-10-04 01:59:41,46.68,113.28,35.64,74,0,13.11,clear sky,0.0,0.0
408,Zyryanka,RU,2020-10-04 01:59:41,65.75,150.85,38.88,71,0,11.01,clear sky,0.0,0.0
409,Ancud,CL,2020-10-04 01:59:42,-41.87,-73.82,44.6,70,0,4.7,clear sky,0.0,0.0
410,Port Lincoln,AU,2020-10-04 01:59:42,-34.73,135.87,54.88,90,100,22.77,light rain,0.205,0.205
411,Roald,NO,2020-10-04 01:59:43,62.58,6.13,57.2,67,0,16.11,clear sky,0.0,0.0
412,Vaasa,FI,2020-10-04 01:59:43,63.1,21.62,52.0,87,25,6.93,scattered clouds,0.0,0.0
413,Sistranda,NO,2020-10-04 01:59:44,63.73,8.83,57.2,62,20,18.34,few clouds,0.0,0.0
414,Colares,PT,2020-10-04 01:59:44,38.8,-9.45,62.01,86,49,9.86,scattered clouds,0.0,0.0
415,Minab,IR,2020-10-04 01:59:45,27.15,57.08,80.6,83,0,4.7,mist,0.0,0.0
416,Awbari,LY,2020-10-04 01:59:46,26.59,12.78,79.95,17,35,11.1,scattered clouds,0.0,0.0
417,Padang,ID,2020-10-04 01:59:47,-0.95,100.35,83.82,61,67,0.83,broken clouds,0.0,0.0
418,Rio Grande,BR,2020-10-04 01:55:01,-32.03,-52.1,54.0,88,100,3.0,overcast clouds,0.0,0.0
419,Kobayashi,JP,2020-10-04 01:59:47,31.98,130.98,80.6,65,40,2.24,scattered clouds,0.0,0.0
420,Porterville,US,2020-10-04 01:58:42,36.07,-119.02,89.6,31,1,4.7,haze,0.0,0.0
421,Svetlogorsk,BY,2020-10-04 01:59:48,52.63,29.73,57.51,71,79,13.82,broken clouds,0.0,0.0
422,Sungurlu,TR,2020-10-04 01:59:49,40.17,34.37,57.07,51,46,2.71,scattered clouds,0.0,0.0
423,Mehamn,NO,2020-10-04 01:59:49,71.04,27.85,44.92,80,0,13.11,clear sky,0.0,0.0
424,Los Llanos De Aridane,ES,2020-10-04 01:59:50,28.66,-17.92,73.4,83,75,14.99,broken clouds,0.0,0.0
425,Aksarka,RU,2020-10-04 01:59:50,66.56,67.8,31.59,98,80,10.8,broken clouds,0.0,0.0
426,Laguna,US,2020-10-04 01:55:56,38.42,-121.42,86.0,40,1,8.41,haze,0.0,0.0
427,Kommunisticheskiy,RU,2020-10-04 01:59:52,61.68,64.48,29.82,95,7,8.41,clear sky,0.0,0.0
428,Digras,IN,2020-10-04 01:59:52,20.12,77.72,74.97,75,100,7.99,overcast clouds,0.0,0.0
429,Atherton,GB,2020-10-04 01:59:53,53.52,-2.49,51.01,99,100,4.0,moderate rain,1.54,1.54
430,Sur,OM,2020-10-04 01:59:54,22.57,59.53,81.59,45,0,2.77,clear sky,0.0,0.0
431,Husavik,IS,2020-10-04 01:59:54,66.04,-17.34,37.4,100,90,4.7,moderate rain,0.49,0.49
432,Pavlogradka,RU,2020-10-04 01:59:55,54.2,73.56,42.53,77,74,15.28,broken clouds,0.0,0.0
433,Fallon,US,2020-10-04 01:59:55,39.47,-118.78,84.2,7,1,4.7,smoke,0.0,0.0
434,Chifeng,CN,2020-10-04 01:59:55,42.27,118.96,47.7,49,0,26.35,clear sky,0.0,0.0
435,Kinablangan,PH,2020-10-04 01:59:56,7.69,126.55,86.05,66,35,4.43,scattered clouds,0.0,0.0
436,Impfondo,CG,2020-10-04 01:59:57,1.64,18.07,70.79,88,0,2.06,clear sky,0.0,0.0
437,Kashi,CN,2020-10-04 01:59:57,39.45,75.98,55.4,41,75,6.71,broken clouds,0.0,0.0
438,Acapulco,MX,2020-10-04 01:58:51,16.86,-99.89,84.2,79,40,6.93,scattered clouds,0.0,0.0
439,Icod De Los Vinos,ES,2020-10-04 01:59:58,28.37,-16.71,73.99,82,47,1.01,scattered clouds,0.0,0.0
440,Menongue,AO,2020-10-04 01:59:58,-14.66,17.69,68.5,42,71,3.33,broken clouds,0.0,0.0
441,Boa Vista,BR,2020-10-04 01:59:58,2.82,-60.67,84.2,66,20,4.7,few clouds,0.0,0.0
442,Lota,CL,2020-10-04 01:59:59,-37.08,-73.17,50.0,66,75,11.41,broken clouds,0.0,0.0
443,Simplicio Mendes,BR,2020-10-04 01:59:59,-7.85,-41.91,78.94,40,22,4.74,few clouds,0.0,0.0
444,Bud,US,2020-10-04 02:00:00,39.45,-86.18,55.4,62,90,5.53,overcast clouds,0.0,0.0
445,Masterton,NZ,2020-10-04 02:00:01,-40.96,175.66,63.0,80,12,5.99,few clouds,0.0,0.0
446,Port Hawkesbury,CA,2020-10-04 02:00:02,45.62,-61.35,53.01,100,90,2.24,overcast clouds,0.0,0.0
447,Klaksvik,FO,2020-10-04 02:00:03,62.23,-6.59,51.8,100,100,13.87,light rain,0.0,0.0
448,Kosonsoy,UZ,2020-10-04 02:00:04,41.26,71.55,53.6,58,5,2.24,clear sky,0.0,0.0
449,Vuktyl,RU,2020-10-04 02:00:05,63.86,57.31,30.61,97,4,5.99,clear sky,0.0,0.0
450,Gondanglegi,ID,2020-10-04 02:00:06,-7.75,112.01,87.93,50,73,17.52,broken clouds,0.0,0.0
451,Lucapa,AO,2020-10-04 02:00:07,-8.42,20.74,67.86,89,99,0.96,overcast clouds,0.0,0.0
452,Puerto Carreno,CO,2020-10-04 02:00:08,6.19,-67.49,78.19,87,38,5.19,moderate rain,1.79,1.79
453,Port Hardy,CA,2020-10-04 02:00:08,50.7,-127.42,57.2,93,90,6.62,overcast clouds,0.0,0.0
454,Solnechnyy,RU,2020-10-04 02:00:09,50.72,136.63,48.97,72,93,2.91,overcast clouds,0.0,0.0
455,Ust-Kulom,RU,2020-10-04 02:00:09,61.69,53.69,30.06,97,0,3.4,clear sky,0.0,0.0
456,Rocha,UY,2020-10-04 02:00:10,-34.48,-54.33,45.81,79,35,6.98,scattered clouds,0.0,0.0
457,Tawang,IN,2020-10-04 02:00:11,27.58,91.87,61.57,67,33,2.37,scattered clouds,0.0,0.0
458,Douglas,US,2020-10-04 02:00:12,41.3,-96.17,48.99,81,1,4.12,clear sky,0.0,0.0
459,Pangnirtung,CA,2020-10-04 02:00:12,66.15,-65.71,26.67,94,86,0.49,overcast clouds,0.0,0.0
460,Dwarka,IN,2020-10-04 02:00:13,22.24,68.97,81.28,75,0,8.79,clear sky,0.0,0.0
461,Porosozero,RU,2020-10-04 02:00:14,62.72,32.73,45.64,97,43,7.47,scattered clouds,0.0,0.0
462,Sohagpur,IN,2020-10-04 02:00:15,22.7,78.2,72.72,72,70,3.4,broken clouds,0.0,0.0
463,Havelock,US,2020-10-04 02:00:16,34.88,-76.9,64.99,68,90,10.29,overcast clouds,0.0,0.0
464,Rock Sound,BS,2020-10-04 02:00:17,24.9,-76.2,83.82,77,90,19.13,overcast clouds,0.0,0.0
465,Kawalu,ID,2020-10-04 02:00:17,-7.38,108.21,77.68,77,85,4.92,light rain,0.5,0.5
466,Berdigestyakh,RU,2020-10-04 02:00:18,62.1,126.7,34.16,83,0,7.23,clear sky,0.0,0.0
467,Ossora,RU,2020-10-04 02:00:20,59.24,163.07,48.04,50,21,3.15,few clouds,0.0,0.0
468,Kindia,GN,2020-10-04 02:00:20,10.06,-12.87,68.52,100,100,1.7,overcast clouds,0.0,0.0
469,Arti,RU,2020-10-04 02:00:21,56.42,58.53,34.65,86,32,7.34,scattered clouds,0.0,0.0
470,Bathsheba,BB,2020-10-04 02:00:21,13.22,-59.52,82.4,74,40,16.11,scattered clouds,0.0,0.0
471,Gejiu,CN,2020-10-04 02:00:21,23.31,103.16,64.45,95,61,4.05,broken clouds,0.0,0.0
472,Caravelas,BR,2020-10-04 02:00:22,-17.71,-39.25,73.92,84,3,6.89,clear sky,0.0,0.0
473,Sal Rei,CV,2020-10-04 02:00:23,16.18,-22.92,77.0,69,75,14.99,broken clouds,0.0,0.0
474,San Patricio,MX,2020-10-04 02:00:23,19.22,-104.7,86.0,74,5,5.82,clear sky,0.0,0.0
475,Iwanai,JP,2020-10-04 02:00:24,42.97,140.51,66.33,53,100,3.67,overcast clouds,0.0,0.0
476,Urumqi,CN,2020-10-04 01:56:04,43.8,87.6,51.8,34,67,4.47,broken clouds,0.0,0.0
477,Atambua,ID,2020-10-04 02:00:25,-9.11,124.89,86.83,40,46,1.36,scattered clouds,0.0,0.0
478,Diffa,NE,2020-10-04 02:00:25,13.32,12.61,84.25,51,87,6.91,overcast clouds,0.0,0.0
479,Karratha,AU,2020-10-04 02:00:26,-20.74,116.85,72.48,21,15,24.14,few clouds,0.0,0.0
480,Fare,PF,2020-10-04 02:00:28,-16.7,-151.02,79.14,72,0,15.75,clear sky,0.0,0.0
481,Dandong,CN,2020-10-04 02:00:28,40.13,124.39,48.36,76,98,6.8,overcast clouds,0.0,0.0
482,Monroe,US,2020-10-04 01:57:21,43.15,-77.68,50.0,61,90,4.7,overcast clouds,0.0,0.0
483,Sazonovo,RU,2020-10-04 02:00:29,59.09,35.23,49.48,87,100,7.05,overcast clouds,0.0,0.0
484,Indi,IN,2020-10-04 02:00:30,17.17,75.97,76.41,80,100,10.13,light rain,0.15,0.15
485,San Jose,US,2020-10-04 02:00:05,37.34,-121.89,84.2,32,75,11.41,smoke,0.0,0.0
486,Luang Prabang,LA,2020-10-04 02:00:30,19.89,102.13,77.0,94,90,0.69,mist,0.0,0.0
487,Ilebo,CD,2020-10-04 02:00:30,-4.32,20.58,71.96,94,100,6.33,light rain,0.76,0.76
488,Muravlenko,RU,2020-10-04 02:00:31,63.79,74.52,30.74,94,100,24.34,overcast clouds,0.0,0.0
489,Suluq,LY,2020-10-04 02:00:31,31.67,20.25,79.59,32,0,14.58,clear sky,0.0,0.0
490,Kosh-Agach,RU,2020-10-04 02:00:32,50.0,88.67,34.66,72,0,1.48,clear sky,0.0,0.0
491,Bonwapitse,BW,2020-10-04 02:00:32,-23.08,26.7,68.32,68,7,13.51,clear sky,0.0,0.0
492,Fontem,CM,2020-10-04 02:00:33,5.47,9.88,66.87,97,100,0.34,moderate rain,1.19,1.19
493,Kyzyl-Suu,KG,2020-10-04 02:00:34,42.34,78.0,46.9,53,69,3.13,broken clouds,0.0,0.0
494,Hornepayne,CA,2020-10-04 02:00:34,49.21,-84.77,29.89,93,41,1.68,scattered clouds,0.0,0.0
495,Soma,TR,2020-10-04 02:00:35,39.19,27.61,57.2,71,0,2.24,clear sky,0.0,0.0
496,Tautira,PF,2020-10-04 02:00:36,-17.73,-149.15,86.0,58,20,5.82,few clouds,0.0,0.0
497,Santa Isabel Do Rio Negro,BR,2020-10-04 02:00:37,-0.41,-65.02,77.9,78,41,2.44,scattered clouds,0.0,0.0
498,Mazara Del Vallo,IT,2020-10-04 01:57:29,37.66,12.59,71.6,60,63,8.05,broken clouds,0.0,0.0
499,Arrifes,PT,2020-10-04 02:00:38,37.77,-25.7,68.0,88,75,8.05,broken clouds,0.0,0.0
500,Homer,US,2020-10-04 02:00:38,59.64,-151.55,53.6,71,75,5.82,broken clouds,0.0,0.0
501,Winchester,GB,2020-10-04 01:59:18,51.07,-1.32,48.99,93,100,11.41,moderate rain,1.65,1.65
502,Arman,RU,2020-10-04 02:00:40,59.7,150.17,49.15,63,85,2.46,overcast clouds,0.0,0.0
503,Flin Flon,CA,2020-10-04 02:00:42,54.77,-101.86,38.95,76,99,6.26,overcast clouds,0.0,0.0
504,Broken Hill,AU,2020-10-04 02:00:42,-31.95,141.43,91.4,16,0,21.92,clear sky,0.0,0.0
505,De Aar,ZA,2020-10-04 02:00:44,-30.65,24.01,49.62,71,0,5.82,clear sky,0.0,0.0
506,Iqaluit,CA,2020-10-04 02:00:45,63.75,-68.51,32.0,95,90,4.7,overcast clouds,0.0,0.0
507,Redmond,US,2020-10-04 01:57:56,47.67,-122.12,61.0,91,0,3.13,clear sky,0.0,0.0
508,Paveh,IR,2020-10-04 02:00:46,35.04,46.36,60.3,37,0,8.19,clear sky,0.0,0.0
509,Polunochnoye,RU,2020-10-04 02:00:46,60.87,60.42,29.16,96,0,3.76,clear sky,0.0,0.0
510,Bonthe,SL,2020-10-04 02:00:38,7.53,-12.51,77.14,88,100,5.93,moderate rain,1.19,1.19
511,Kharp,RU,2020-10-04 02:00:47,66.8,65.81,31.51,94,29,8.66,scattered clouds,0.0,0.0
512,Baykit,RU,2020-10-04 02:00:47,61.67,96.37,40.12,89,100,5.86,light rain,0.14,0.14
513,Sao Jose Da Coroa Grande,BR,2020-10-04 02:00:48,-8.9,-35.15,74.93,82,91,7.49,overcast clouds,0.0,0.0
514,Iskateley,RU,2020-10-04 02:00:48,67.68,53.15,32.49,94,97,7.9,overcast clouds,0.0,0.0
515,Cherdyn,RU,2020-10-04 02:00:49,60.4,56.48,29.19,96,0,4.9,clear sky,0.0,0.0
516,Hurricane,US,2020-10-04 02:00:50,37.18,-113.29,91.4,6,1,4.81,clear sky,0.0,0.0
517,Pringsewu,ID,2020-10-04 02:00:50,-5.36,104.97,83.19,73,96,5.19,overcast clouds,0.0,0.0
518,Newport,GB,2020-10-04 01:56:56,51.59,-3.0,52.0,94,100,4.0,light rain,0.12,0.12
519,Chillicothe,US,2020-10-04 02:00:51,39.33,-82.98,50.0,87,75,3.36,broken clouds,0.0,0.0
520,Namatanai,PG,2020-10-04 02:00:52,-3.67,152.43,83.89,74,76,11.74,light rain,0.81,0.81
521,Bugiri,UG,2020-10-04 02:00:53,0.57,33.74,64.72,89,79,2.33,broken clouds,0.0,0.0
522,Halifax,CA,2020-10-04 02:00:54,44.65,-63.57,52.0,89,0,1.01,clear sky,0.0,0.0
523,Richards Bay,ZA,2020-10-04 02:00:54,-28.78,32.04,67.37,93,100,9.53,light rain,0.68,0.68
524,Atasu,KZ,2020-10-04 02:00:56,48.68,71.64,45.27,73,34,2.08,scattered clouds,0.0,0.0
525,Port Moresby,PG,2020-10-04 02:00:57,-9.44,147.18,86.0,74,75,8.05,haze,0.0,0.0
526,Port Hedland,AU,2020-10-04 02:00:57,-20.32,118.57,73.4,15,61,21.92,broken clouds,0.0,0.0
527,Strezhevoy,RU,2020-10-04 02:00:58,60.73,77.59,32.0,96,75,8.95,light shower snow,0.0,0.0
528,Port Macquarie,AU,2020-10-04 02:00:59,-31.43,152.92,82.99,34,0,1.99,clear sky,0.0,0.0
529,Manaure,CO,2020-10-04 02:01:00,11.78,-72.44,82.36,76,89,5.41,overcast clouds,0.0,0.0
530,Saint-Imier,CH,2020-10-04 02:01:00,47.15,7.0,50.0,87,75,17.22,light rain,0.44,0.44
531,Bundaberg,AU,2020-10-04 02:01:01,-24.85,152.35,78.01,47,20,17.22,few clouds,0.0,0.0
532,Turayf,SA,2020-10-04 02:01:02,31.67,38.66,66.2,77,0,6.93,clear sky,0.0,0.0
533,Clarence Town,AU,2020-10-04 02:01:02,-32.58,151.78,84.99,37,11,8.05,few clouds,0.0,0.0
